UNLOCK TABLES;
DROP DATABASE IF EXISTS sparehands_db;
CREATE DATABASE sparehands_db;
USE sparehands_db;

DROP TABLE IF EXISTS `user`;
CREATE TABLE `user` (
  `id` int(11) unsigned NOT NULL AUTO_INCREMENT,
  `forename` varchar(45) NOT NULL,
  `surname` varchar(45) NOT NULL,
  `email` varchar(45) NOT NULL,
  `password` varchar(30) NOT NULL,
  `dob` datetime NOT NULL,
  `picture_url` varchar(100) DEFAULT NULL,
  PRIMARY KEY (`id`)
) ENGINE=InnoDB AUTO_INCREMENT=3 DEFAULT CHARSET=latin1;

DROP TABLE IF EXISTS `job`;
CREATE TABLE `job` (
  `id` int(15) unsigned NOT NULL AUTO_INCREMENT,
  `owner_id` int(11) unsigned NOT NULL,
  `title` varchar(45) NOT NULL,
  `description` varchar(300) NOT NULL,
  `reward` varchar(100) NOT NULL,
  `location` varchar(45) NOT NULL,
  `date` datetime NOT NULL,
  `picture_url` varchar(45) DEFAULT NULL,
  PRIMARY KEY (`id`),
  KEY `owner_id` (`owner_id`),
  CONSTRAINT `job.owner_id-user.id` FOREIGN KEY (`owner_id`) REFERENCES `user` (`id`) ON DELETE CASCADE
) ENGINE=InnoDB AUTO_INCREMENT=5 DEFAULT CHARSET=latin1;

DROP TABLE IF EXISTS `applicant`;
CREATE TABLE `applicant` (
  `id` int(15) unsigned NOT NULL AUTO_INCREMENT,
  `owner_id` int(11) unsigned NOT NULL,
  `applicant_id` int(11) unsigned NOT NULL,
  `job_id` int(15) unsigned NOT NULL,
  `status` varchar(10) DEFAULT 'pending',
  PRIMARY KEY (`id`),
  KEY `job_id` (`job_id`),
  KEY `owner_id` (`owner_id`),
  KEY `applicant_id` (`applicant_id`),
  CONSTRAINT `applicant.applicant_id user.id` FOREIGN KEY (`applicant_id`) REFERENCES `user` (`id`) ON DELETE CASCADE,
  CONSTRAINT `applicant.job_id job.id` FOREIGN KEY (`job_id`) REFERENCES `job` (`id`) ON DELETE CASCADE,
  CONSTRAINT `applicant.owner_id user.id` FOREIGN KEY (`owner_id`) REFERENCES `user` (`id`) ON DELETE CASCADE
) ENGINE=InnoDB AUTO_INCREMENT=2 DEFAULT CHARSET=latin1;


LOCK TABLES user WRITE;
INSERT INTO user VALUES 
(1,'Sam','Power','sam@gmail.com','password', '1991-09-19 08:49:43',''),
(2,'Jim','Power','jim@gmail.com','password', '1991-09-19 08:49:43',''),
(3,'John','Doe','john@gmail.com','password', '1991-09-19 08:49:43','');
LOCK TABLES job WRITE;
INSERT INTO job VALUES 
(1,1,'Cut Grass','1/2 Acre of grass to be cut! Need Help! Bring own mower!','$20','Athlone','2015-09-19 08:00:00',''),
(2,1,'Fix Computer','My Computer is broken please help.','$20','Athlone','2015-09-19 08:00:00',''),
(3,1,'Clean Gutters','Need help cleaning gutters.','$20','Athlone','2015-09-19 08:00:00',''),
(4,2,'Wash Car','Help wash my car, its only a hatchback!','$20','Athlone','2015-09-19 08:00:00',''),
(5,2,'RANDOM','hajgsfiagsifhbaksjh afhs fofiasfh','$20','Athlone','2015-09-19 08:00:00',''),
(6,2,'Blah blah','asjfgashfo ashif aoif oiasoijasf','$20','Athlone','2015-09-19 08:00:00',''),
(7,3,'Come on','asljfho iasoifaif oiashf oihosaifoiasi','$20','Athlone','2015-09-19 08:00:00',''),
(8,3,'Sleep','as;kfjo iasoihsa oifha oifoiahso f','$20','Athlone','2015-09-19 08:00:00',''),
(9,1,'Random Job 9','Random Description','$20','Bundoran','2015-09-19 08:00:00',''),
(10,2,'Random Job 10','Random Description','$20','Athlone','2015-09-19 08:00:00',''),
(11,3,'Random Job 11','Random Description','$20','Wexford','2015-09-19 08:00:00',''),
(12,1,'Random Job 12','Random Description','$20','Dublin','2015-09-19 08:00:00',''),
(13,2,'Random Job 13','Random Description','$20','Galway','2015-09-19 08:00:00',''),
(14,3,'Random Job 14','Random Description','$20','Bundoran','2015-09-19 08:00:00',''),
(15,1,'Random Job 15','Random Description','$20','Athlone','2015-09-19 08:00:00',''),
(16,2,'Random Job 16','Random Description','$20','Wexford','2015-09-19 08:00:00',''),
(17,3,'Random Job 17','Random Description','$20','Dublin','2015-09-19 08:00:00',''),
(18,1,'Random Job 18','Random Description','$20','Galway','2015-09-19 08:00:00',''),
(19,2,'Random Job 19','Random Description','$20','Bundoran','2015-09-19 08:00:00',''),
(20,3,'Random Job 20','Random Description','$20','Athlone','2015-09-19 08:00:00',''),
(21,1,'Random Job 21','Random Description','$20','Wexford','2015-09-19 08:00:00',''),
(22,2,'Random Job 22','Random Description','$20','Dublin','2015-09-19 08:00:00',''),
(23,3,'Random Job 23','Random Description','$20','Galway','2015-09-19 08:00:00',''),
(24,1,'Random Job 24','Random Description','$20','Bundoran','2015-09-19 08:00:00',''),
(25,2,'Random Job 25','Random Description','$20','Athlone','2015-09-19 08:00:00',''),
(26,3,'Random Job 26','Random Description','$20','Wexford','2015-09-19 08:00:00',''),
(27,1,'Random Job 27','Random Description','$20','Dublin','2015-09-19 08:00:00',''),
(28,2,'Random Job 28','Random Description','$20','Galway','2015-09-19 08:00:00',''),
(29,3,'Random Job 29','Random Description','$20','Bundoran','2015-09-19 08:00:00',''),
(30,1,'Random Job 30','Random Description','$20','Athlone','2015-09-19 08:00:00',''),
(31,2,'Random Job 31','Random Description','$20','Wexford','2015-09-19 08:00:00',''),
(32,3,'Random Job 32','Random Description','$20','Dublin','2015-09-19 08:00:00',''),
(33,1,'Random Job 33','Random Description','$20','Galway','2015-09-19 08:00:00',''),
(34,2,'Random Job 34','Random Description','$20','Bundoran','2015-09-19 08:00:00',''),
(35,3,'Random Job 35','Random Description','$20','Athlone','2015-09-19 08:00:00',''),
(36,1,'Random Job 36','Random Description','$20','Wexford','2015-09-19 08:00:00',''),
(37,2,'Random Job 37','Random Description','$20','Dublin','2015-09-19 08:00:00',''),
(38,3,'Random Job 38','Random Description','$20','Galway','2015-09-19 08:00:00',''),
(39,1,'Random Job 39','Random Description','$20','Bundoran','2015-09-19 08:00:00',''),
(40,2,'Random Job 40','Random Description','$20','Athlone','2015-09-19 08:00:00',''),
(41,3,'Random Job 41','Random Description','$20','Wexford','2015-09-19 08:00:00',''),
(42,1,'Random Job 42','Random Description','$20','Dublin','2015-09-19 08:00:00',''),
(43,2,'Random Job 43','Random Description','$20','Galway','2015-09-19 08:00:00',''),
(44,3,'Random Job 44','Random Description','$20','Bundoran','2015-09-19 08:00:00',''),
(45,1,'Random Job 45','Random Description','$20','Athlone','2015-09-19 08:00:00',''),
(46,2,'Random Job 46','Random Description','$20','Wexford','2015-09-19 08:00:00',''),
(47,3,'Random Job 47','Random Description','$20','Dublin','2015-09-19 08:00:00',''),
(48,1,'Random Job 48','Random Description','$20','Galway','2015-09-19 08:00:00',''),
(49,2,'Random Job 49','Random Description','$20','Bundoran','2015-09-19 08:00:00',''),
(50,3,'Random Job 50','Random Description','$20','Athlone','2015-09-19 08:00:00',''),
(51,1,'Random Job 51','Random Description','$20','Wexford','2015-09-19 08:00:00',''),
(52,2,'Random Job 52','Random Description','$20','Dublin','2015-09-19 08:00:00',''),
(53,3,'Random Job 53','Random Description','$20','Galway','2015-09-19 08:00:00',''),
(54,1,'Random Job 54','Random Description','$20','Bundoran','2015-09-19 08:00:00',''),
(55,2,'Random Job 55','Random Description','$20','Athlone','2015-09-19 08:00:00',''),
(56,3,'Random Job 56','Random Description','$20','Wexford','2015-09-19 08:00:00',''),
(57,1,'Random Job 57','Random Description','$20','Dublin','2015-09-19 08:00:00',''),
(58,2,'Random Job 58','Random Description','$20','Galway','2015-09-19 08:00:00',''),
(59,3,'Random Job 59','Random Description','$20','Bundoran','2015-09-19 08:00:00',''),
(60,1,'Random Job 60','Random Description','$20','Athlone','2015-09-19 08:00:00',''),
(61,2,'Random Job 61','Random Description','$20','Wexford','2015-09-19 08:00:00',''),
(62,3,'Random Job 62','Random Description','$20','Dublin','2015-09-19 08:00:00',''),
(63,1,'Random Job 63','Random Description','$20','Galway','2015-09-19 08:00:00',''),
(64,2,'Random Job 64','Random Description','$20','Bundoran','2015-09-19 08:00:00',''),
(65,3,'Random Job 65','Random Description','$20','Athlone','2015-09-19 08:00:00',''),
(66,1,'Random Job 66','Random Description','$20','Wexford','2015-09-19 08:00:00',''),
(67,2,'Random Job 67','Random Description','$20','Dublin','2015-09-19 08:00:00',''),
(68,3,'Random Job 68','Random Description','$20','Galway','2015-09-19 08:00:00',''),
(69,1,'Random Job 69','Random Description','$20','Bundoran','2015-09-19 08:00:00',''),
(70,2,'Random Job 70','Random Description','$20','Athlone','2015-09-19 08:00:00',''),
(71,3,'Random Job 71','Random Description','$20','Wexford','2015-09-19 08:00:00',''),
(72,1,'Random Job 72','Random Description','$20','Dublin','2015-09-19 08:00:00',''),
(73,2,'Random Job 73','Random Description','$20','Galway','2015-09-19 08:00:00',''),
(74,3,'Random Job 74','Random Description','$20','Bundoran','2015-09-19 08:00:00',''),
(75,1,'Random Job 75','Random Description','$20','Athlone','2015-09-19 08:00:00',''),
(76,2,'Random Job 76','Random Description','$20','Wexford','2015-09-19 08:00:00',''),
(77,3,'Random Job 77','Random Description','$20','Dublin','2015-09-19 08:00:00',''),
(78,1,'Random Job 78','Random Description','$20','Galway','2015-09-19 08:00:00',''),
(79,2,'Random Job 79','Random Description','$20','Bundoran','2015-09-19 08:00:00',''),
(80,3,'Random Job 80','Random Description','$20','Athlone','2015-09-19 08:00:00',''),
(81,1,'Random Job 81','Random Description','$20','Wexford','2015-09-19 08:00:00',''),
(82,2,'Random Job 82','Random Description','$20','Dublin','2015-09-19 08:00:00',''),
(83,3,'Random Job 83','Random Description','$20','Galway','2015-09-19 08:00:00',''),
(84,1,'Random Job 84','Random Description','$20','Bundoran','2015-09-19 08:00:00',''),
(85,2,'Random Job 85','Random Description','$20','Athlone','2015-09-19 08:00:00',''),
(86,3,'Random Job 86','Random Description','$20','Wexford','2015-09-19 08:00:00',''),
(87,1,'Random Job 87','Random Description','$20','Dublin','2015-09-19 08:00:00',''),
(88,2,'Random Job 88','Random Description','$20','Galway','2015-09-19 08:00:00',''),
(89,3,'Random Job 89','Random Description','$20','Bundoran','2015-09-19 08:00:00',''),
(90,1,'Random Job 90','Random Description','$20','Athlone','2015-09-19 08:00:00',''),
(91,2,'Random Job 91','Random Description','$20','Wexford','2015-09-19 08:00:00',''),
(92,3,'Random Job 92','Random Description','$20','Dublin','2015-09-19 08:00:00',''),
(93,1,'Random Job 93','Random Description','$20','Galway','2015-09-19 08:00:00',''),
(94,2,'Random Job 94','Random Description','$20','Bundoran','2015-09-19 08:00:00',''),
(95,3,'Random Job 95','Random Description','$20','Athlone','2015-09-19 08:00:00',''),
(96,1,'Random Job 96','Random Description','$20','Wexford','2015-09-19 08:00:00',''),
(97,2,'Random Job 97','Random Description','$20','Dublin','2015-09-19 08:00:00',''),
(98,3,'Random Job 98','Random Description','$20','Galway','2015-09-19 08:00:00',''),
(99,1,'Random Job 99','Random Description','$20','Bundoran','2015-09-19 08:00:00',''),
(100,2,'Random Job 100','Random Description','$20','Athlone','2015-09-19 08:00:00',''),
(101,3,'Random Job 101','Random Description','$20','Wexford','2015-09-19 08:00:00',''),
(102,1,'Random Job 102','Random Description','$20','Dublin','2015-09-19 08:00:00',''),
(103,2,'Random Job 103','Random Description','$20','Galway','2015-09-19 08:00:00',''),
(104,3,'Random Job 104','Random Description','$20','Bundoran','2015-09-19 08:00:00',''),
(105,1,'Random Job 105','Random Description','$20','Athlone','2015-09-19 08:00:00',''),
(106,2,'Random Job 106','Random Description','$20','Wexford','2015-09-19 08:00:00',''),
(107,3,'Random Job 107','Random Description','$20','Dublin','2015-09-19 08:00:00',''),
(108,1,'Random Job 108','Random Description','$20','Galway','2015-09-19 08:00:00',''),
(109,2,'Random Job 109','Random Description','$20','Bundoran','2015-09-19 08:00:00',''),
(110,3,'Random Job 110','Random Description','$20','Athlone','2015-09-19 08:00:00',''),
(111,1,'Random Job 111','Random Description','$20','Wexford','2015-09-19 08:00:00',''),
(112,2,'Random Job 112','Random Description','$20','Dublin','2015-09-19 08:00:00',''),
(113,3,'Random Job 113','Random Description','$20','Galway','2015-09-19 08:00:00',''),
(114,1,'Random Job 114','Random Description','$20','Bundoran','2015-09-19 08:00:00',''),
(115,2,'Random Job 115','Random Description','$20','Athlone','2015-09-19 08:00:00',''),
(116,3,'Random Job 116','Random Description','$20','Wexford','2015-09-19 08:00:00',''),
(117,1,'Random Job 117','Random Description','$20','Dublin','2015-09-19 08:00:00',''),
(118,2,'Random Job 118','Random Description','$20','Galway','2015-09-19 08:00:00',''),
(119,3,'Random Job 119','Random Description','$20','Bundoran','2015-09-19 08:00:00',''),
(120,1,'Random Job 120','Random Description','$20','Athlone','2015-09-19 08:00:00',''),
(121,2,'Random Job 121','Random Description','$20','Wexford','2015-09-19 08:00:00',''),
(122,3,'Random Job 122','Random Description','$20','Dublin','2015-09-19 08:00:00',''),
(123,1,'Random Job 123','Random Description','$20','Galway','2015-09-19 08:00:00',''),
(124,2,'Random Job 124','Random Description','$20','Bundoran','2015-09-19 08:00:00',''),
(125,3,'Random Job 125','Random Description','$20','Athlone','2015-09-19 08:00:00',''),
(126,1,'Random Job 126','Random Description','$20','Wexford','2015-09-19 08:00:00',''),
(127,2,'Random Job 127','Random Description','$20','Dublin','2015-09-19 08:00:00',''),
(128,3,'Random Job 128','Random Description','$20','Galway','2015-09-19 08:00:00',''),
(129,1,'Random Job 129','Random Description','$20','Bundoran','2015-09-19 08:00:00',''),
(130,2,'Random Job 130','Random Description','$20','Athlone','2015-09-19 08:00:00',''),
(131,3,'Random Job 131','Random Description','$20','Wexford','2015-09-19 08:00:00',''),
(132,1,'Random Job 132','Random Description','$20','Dublin','2015-09-19 08:00:00',''),
(133,2,'Random Job 133','Random Description','$20','Galway','2015-09-19 08:00:00',''),
(134,3,'Random Job 134','Random Description','$20','Bundoran','2015-09-19 08:00:00',''),
(135,1,'Random Job 135','Random Description','$20','Athlone','2015-09-19 08:00:00',''),
(136,2,'Random Job 136','Random Description','$20','Wexford','2015-09-19 08:00:00',''),
(137,3,'Random Job 137','Random Description','$20','Dublin','2015-09-19 08:00:00',''),
(138,1,'Random Job 138','Random Description','$20','Galway','2015-09-19 08:00:00',''),
(139,2,'Random Job 139','Random Description','$20','Bundoran','2015-09-19 08:00:00',''),
(140,3,'Random Job 140','Random Description','$20','Athlone','2015-09-19 08:00:00',''),
(141,1,'Random Job 141','Random Description','$20','Wexford','2015-09-19 08:00:00',''),
(142,2,'Random Job 142','Random Description','$20','Dublin','2015-09-19 08:00:00',''),
(143,3,'Random Job 143','Random Description','$20','Galway','2015-09-19 08:00:00',''),
(144,1,'Random Job 144','Random Description','$20','Bundoran','2015-09-19 08:00:00',''),
(145,2,'Random Job 145','Random Description','$20','Athlone','2015-09-19 08:00:00',''),
(146,3,'Random Job 146','Random Description','$20','Wexford','2015-09-19 08:00:00',''),
(147,1,'Random Job 147','Random Description','$20','Dublin','2015-09-19 08:00:00',''),
(148,2,'Random Job 148','Random Description','$20','Galway','2015-09-19 08:00:00',''),
(149,3,'Random Job 149','Random Description','$20','Bundoran','2015-09-19 08:00:00',''),
(150,1,'Random Job 150','Random Description','$20','Athlone','2015-09-19 08:00:00',''),
(151,2,'Random Job 151','Random Description','$20','Wexford','2015-09-19 08:00:00',''),
(152,3,'Random Job 152','Random Description','$20','Dublin','2015-09-19 08:00:00',''),
(153,1,'Random Job 153','Random Description','$20','Galway','2015-09-19 08:00:00',''),
(154,2,'Random Job 154','Random Description','$20','Bundoran','2015-09-19 08:00:00',''),
(155,3,'Random Job 155','Random Description','$20','Athlone','2015-09-19 08:00:00',''),
(156,1,'Random Job 156','Random Description','$20','Wexford','2015-09-19 08:00:00',''),
(157,2,'Random Job 157','Random Description','$20','Dublin','2015-09-19 08:00:00',''),
(158,3,'Random Job 158','Random Description','$20','Galway','2015-09-19 08:00:00',''),
(159,1,'Random Job 159','Random Description','$20','Bundoran','2015-09-19 08:00:00',''),
(160,2,'Random Job 160','Random Description','$20','Athlone','2015-09-19 08:00:00',''),
(161,3,'Random Job 161','Random Description','$20','Wexford','2015-09-19 08:00:00',''),
(162,1,'Random Job 162','Random Description','$20','Dublin','2015-09-19 08:00:00',''),
(163,2,'Random Job 163','Random Description','$20','Galway','2015-09-19 08:00:00',''),
(164,3,'Random Job 164','Random Description','$20','Bundoran','2015-09-19 08:00:00',''),
(165,1,'Random Job 165','Random Description','$20','Athlone','2015-09-19 08:00:00',''),
(166,2,'Random Job 166','Random Description','$20','Wexford','2015-09-19 08:00:00',''),
(167,3,'Random Job 167','Random Description','$20','Dublin','2015-09-19 08:00:00',''),
(168,1,'Random Job 168','Random Description','$20','Galway','2015-09-19 08:00:00',''),
(169,2,'Random Job 169','Random Description','$20','Bundoran','2015-09-19 08:00:00',''),
(170,3,'Random Job 170','Random Description','$20','Athlone','2015-09-19 08:00:00',''),
(171,1,'Random Job 171','Random Description','$20','Wexford','2015-09-19 08:00:00',''),
(172,2,'Random Job 172','Random Description','$20','Dublin','2015-09-19 08:00:00',''),
(173,3,'Random Job 173','Random Description','$20','Galway','2015-09-19 08:00:00',''),
(174,1,'Random Job 174','Random Description','$20','Bundoran','2015-09-19 08:00:00',''),
(175,2,'Random Job 175','Random Description','$20','Athlone','2015-09-19 08:00:00',''),
(176,3,'Random Job 176','Random Description','$20','Wexford','2015-09-19 08:00:00',''),
(177,1,'Random Job 177','Random Description','$20','Dublin','2015-09-19 08:00:00',''),
(178,2,'Random Job 178','Random Description','$20','Galway','2015-09-19 08:00:00',''),
(179,3,'Random Job 179','Random Description','$20','Bundoran','2015-09-19 08:00:00',''),
(180,1,'Random Job 180','Random Description','$20','Athlone','2015-09-19 08:00:00',''),
(181,2,'Random Job 181','Random Description','$20','Wexford','2015-09-19 08:00:00',''),
(182,3,'Random Job 182','Random Description','$20','Dublin','2015-09-19 08:00:00',''),
(183,1,'Random Job 183','Random Description','$20','Galway','2015-09-19 08:00:00',''),
(184,2,'Random Job 184','Random Description','$20','Bundoran','2015-09-19 08:00:00',''),
(185,3,'Random Job 185','Random Description','$20','Athlone','2015-09-19 08:00:00',''),
(186,1,'Random Job 186','Random Description','$20','Wexford','2015-09-19 08:00:00',''),
(187,2,'Random Job 187','Random Description','$20','Dublin','2015-09-19 08:00:00',''),
(188,3,'Random Job 188','Random Description','$20','Galway','2015-09-19 08:00:00',''),
(189,1,'Random Job 189','Random Description','$20','Bundoran','2015-09-19 08:00:00',''),
(190,2,'Random Job 190','Random Description','$20','Athlone','2015-09-19 08:00:00',''),
(191,3,'Random Job 191','Random Description','$20','Wexford','2015-09-19 08:00:00',''),
(192,1,'Random Job 192','Random Description','$20','Dublin','2015-09-19 08:00:00',''),
(193,2,'Random Job 193','Random Description','$20','Galway','2015-09-19 08:00:00',''),
(194,3,'Random Job 194','Random Description','$20','Bundoran','2015-09-19 08:00:00',''),
(195,1,'Random Job 195','Random Description','$20','Athlone','2015-09-19 08:00:00',''),
(196,2,'Random Job 196','Random Description','$20','Wexford','2015-09-19 08:00:00',''),
(197,3,'Random Job 197','Random Description','$20','Dublin','2015-09-19 08:00:00',''),
(198,1,'Random Job 198','Random Description','$20','Galway','2015-09-19 08:00:00',''),
(199,2,'Random Job 199','Random Description','$20','Bundoran','2015-09-19 08:00:00',''),
(200,3,'Random Job 200','Random Description','$20','Athlone','2015-09-19 08:00:00',''),
(201,1,'Random Job 201','Random Description','$20','Wexford','2015-09-19 08:00:00',''),
(202,2,'Random Job 202','Random Description','$20','Dublin','2015-09-19 08:00:00',''),
(203,3,'Random Job 203','Random Description','$20','Galway','2015-09-19 08:00:00',''),
(204,1,'Random Job 204','Random Description','$20','Bundoran','2015-09-19 08:00:00',''),
(205,2,'Random Job 205','Random Description','$20','Athlone','2015-09-19 08:00:00',''),
(206,3,'Random Job 206','Random Description','$20','Wexford','2015-09-19 08:00:00',''),
(207,1,'Random Job 207','Random Description','$20','Dublin','2015-09-19 08:00:00',''),
(208,2,'Random Job 208','Random Description','$20','Galway','2015-09-19 08:00:00',''),
(209,3,'Random Job 209','Random Description','$20','Bundoran','2015-09-19 08:00:00',''),
(210,1,'Random Job 210','Random Description','$20','Athlone','2015-09-19 08:00:00',''),
(211,2,'Random Job 211','Random Description','$20','Wexford','2015-09-19 08:00:00',''),
(212,3,'Random Job 212','Random Description','$20','Dublin','2015-09-19 08:00:00',''),
(213,1,'Random Job 213','Random Description','$20','Galway','2015-09-19 08:00:00',''),
(214,2,'Random Job 214','Random Description','$20','Bundoran','2015-09-19 08:00:00',''),
(215,3,'Random Job 215','Random Description','$20','Athlone','2015-09-19 08:00:00',''),
(216,1,'Random Job 216','Random Description','$20','Wexford','2015-09-19 08:00:00',''),
(217,2,'Random Job 217','Random Description','$20','Dublin','2015-09-19 08:00:00',''),
(218,3,'Random Job 218','Random Description','$20','Galway','2015-09-19 08:00:00',''),
(219,1,'Random Job 219','Random Description','$20','Bundoran','2015-09-19 08:00:00',''),
(220,2,'Random Job 220','Random Description','$20','Athlone','2015-09-19 08:00:00',''),
(221,3,'Random Job 221','Random Description','$20','Wexford','2015-09-19 08:00:00',''),
(222,1,'Random Job 222','Random Description','$20','Dublin','2015-09-19 08:00:00',''),
(223,2,'Random Job 223','Random Description','$20','Galway','2015-09-19 08:00:00',''),
(224,3,'Random Job 224','Random Description','$20','Bundoran','2015-09-19 08:00:00',''),
(225,1,'Random Job 225','Random Description','$20','Athlone','2015-09-19 08:00:00',''),
(226,2,'Random Job 226','Random Description','$20','Wexford','2015-09-19 08:00:00',''),
(227,3,'Random Job 227','Random Description','$20','Dublin','2015-09-19 08:00:00',''),
(228,1,'Random Job 228','Random Description','$20','Galway','2015-09-19 08:00:00',''),
(229,2,'Random Job 229','Random Description','$20','Bundoran','2015-09-19 08:00:00',''),
(230,3,'Random Job 230','Random Description','$20','Athlone','2015-09-19 08:00:00',''),
(231,1,'Random Job 231','Random Description','$20','Wexford','2015-09-19 08:00:00',''),
(232,2,'Random Job 232','Random Description','$20','Dublin','2015-09-19 08:00:00',''),
(233,3,'Random Job 233','Random Description','$20','Galway','2015-09-19 08:00:00',''),
(234,1,'Random Job 234','Random Description','$20','Bundoran','2015-09-19 08:00:00',''),
(235,2,'Random Job 235','Random Description','$20','Athlone','2015-09-19 08:00:00',''),
(236,3,'Random Job 236','Random Description','$20','Wexford','2015-09-19 08:00:00',''),
(237,1,'Random Job 237','Random Description','$20','Dublin','2015-09-19 08:00:00',''),
(238,2,'Random Job 238','Random Description','$20','Galway','2015-09-19 08:00:00',''),
(239,3,'Random Job 239','Random Description','$20','Bundoran','2015-09-19 08:00:00',''),
(240,1,'Random Job 240','Random Description','$20','Athlone','2015-09-19 08:00:00',''),
(241,2,'Random Job 241','Random Description','$20','Wexford','2015-09-19 08:00:00',''),
(242,3,'Random Job 242','Random Description','$20','Dublin','2015-09-19 08:00:00',''),
(243,1,'Random Job 243','Random Description','$20','Galway','2015-09-19 08:00:00',''),
(244,2,'Random Job 244','Random Description','$20','Bundoran','2015-09-19 08:00:00',''),
(245,3,'Random Job 245','Random Description','$20','Athlone','2015-09-19 08:00:00',''),
(246,1,'Random Job 246','Random Description','$20','Wexford','2015-09-19 08:00:00',''),
(247,2,'Random Job 247','Random Description','$20','Dublin','2015-09-19 08:00:00',''),
(248,3,'Random Job 248','Random Description','$20','Galway','2015-09-19 08:00:00',''),
(249,1,'Random Job 249','Random Description','$20','Bundoran','2015-09-19 08:00:00',''),
(250,2,'Random Job 250','Random Description','$20','Athlone','2015-09-19 08:00:00',''),
(251,3,'Random Job 251','Random Description','$20','Wexford','2015-09-19 08:00:00',''),
(252,1,'Random Job 252','Random Description','$20','Dublin','2015-09-19 08:00:00',''),
(253,2,'Random Job 253','Random Description','$20','Galway','2015-09-19 08:00:00',''),
(254,3,'Random Job 254','Random Description','$20','Bundoran','2015-09-19 08:00:00',''),
(255,1,'Random Job 255','Random Description','$20','Athlone','2015-09-19 08:00:00',''),
(256,2,'Random Job 256','Random Description','$20','Wexford','2015-09-19 08:00:00',''),
(257,3,'Random Job 257','Random Description','$20','Dublin','2015-09-19 08:00:00',''),
(258,1,'Random Job 258','Random Description','$20','Galway','2015-09-19 08:00:00',''),
(259,2,'Random Job 259','Random Description','$20','Bundoran','2015-09-19 08:00:00',''),
(260,3,'Random Job 260','Random Description','$20','Athlone','2015-09-19 08:00:00',''),
(261,1,'Random Job 261','Random Description','$20','Wexford','2015-09-19 08:00:00',''),
(262,2,'Random Job 262','Random Description','$20','Dublin','2015-09-19 08:00:00',''),
(263,3,'Random Job 263','Random Description','$20','Galway','2015-09-19 08:00:00',''),
(264,1,'Random Job 264','Random Description','$20','Bundoran','2015-09-19 08:00:00',''),
(265,2,'Random Job 265','Random Description','$20','Athlone','2015-09-19 08:00:00',''),
(266,3,'Random Job 266','Random Description','$20','Wexford','2015-09-19 08:00:00',''),
(267,1,'Random Job 267','Random Description','$20','Dublin','2015-09-19 08:00:00',''),
(268,2,'Random Job 268','Random Description','$20','Galway','2015-09-19 08:00:00',''),
(269,3,'Random Job 269','Random Description','$20','Bundoran','2015-09-19 08:00:00',''),
(270,1,'Random Job 270','Random Description','$20','Athlone','2015-09-19 08:00:00',''),
(271,2,'Random Job 271','Random Description','$20','Wexford','2015-09-19 08:00:00',''),
(272,3,'Random Job 272','Random Description','$20','Dublin','2015-09-19 08:00:00',''),
(273,1,'Random Job 273','Random Description','$20','Galway','2015-09-19 08:00:00',''),
(274,2,'Random Job 274','Random Description','$20','Bundoran','2015-09-19 08:00:00',''),
(275,3,'Random Job 275','Random Description','$20','Athlone','2015-09-19 08:00:00',''),
(276,1,'Random Job 276','Random Description','$20','Wexford','2015-09-19 08:00:00',''),
(277,2,'Random Job 277','Random Description','$20','Dublin','2015-09-19 08:00:00',''),
(278,3,'Random Job 278','Random Description','$20','Galway','2015-09-19 08:00:00',''),
(279,1,'Random Job 279','Random Description','$20','Bundoran','2015-09-19 08:00:00',''),
(280,2,'Random Job 280','Random Description','$20','Athlone','2015-09-19 08:00:00',''),
(281,3,'Random Job 281','Random Description','$20','Wexford','2015-09-19 08:00:00',''),
(282,1,'Random Job 282','Random Description','$20','Dublin','2015-09-19 08:00:00',''),
(283,2,'Random Job 283','Random Description','$20','Galway','2015-09-19 08:00:00',''),
(284,3,'Random Job 284','Random Description','$20','Bundoran','2015-09-19 08:00:00',''),
(285,1,'Random Job 285','Random Description','$20','Athlone','2015-09-19 08:00:00',''),
(286,2,'Random Job 286','Random Description','$20','Wexford','2015-09-19 08:00:00',''),
(287,3,'Random Job 287','Random Description','$20','Dublin','2015-09-19 08:00:00',''),
(288,1,'Random Job 288','Random Description','$20','Galway','2015-09-19 08:00:00',''),
(289,2,'Random Job 289','Random Description','$20','Bundoran','2015-09-19 08:00:00',''),
(290,3,'Random Job 290','Random Description','$20','Athlone','2015-09-19 08:00:00',''),
(291,1,'Random Job 291','Random Description','$20','Wexford','2015-09-19 08:00:00',''),
(292,2,'Random Job 292','Random Description','$20','Dublin','2015-09-19 08:00:00',''),
(293,3,'Random Job 293','Random Description','$20','Galway','2015-09-19 08:00:00',''),
(294,1,'Random Job 294','Random Description','$20','Bundoran','2015-09-19 08:00:00',''),
(295,2,'Random Job 295','Random Description','$20','Athlone','2015-09-19 08:00:00',''),
(296,3,'Random Job 296','Random Description','$20','Wexford','2015-09-19 08:00:00',''),
(297,1,'Random Job 297','Random Description','$20','Dublin','2015-09-19 08:00:00',''),
(298,2,'Random Job 298','Random Description','$20','Galway','2015-09-19 08:00:00',''),
(299,3,'Random Job 299','Random Description','$20','Bundoran','2015-09-19 08:00:00',''),
(300,1,'Random Job 300','Random Description','$20','Athlone','2015-09-19 08:00:00',''),
(301,2,'Random Job 301','Random Description','$20','Wexford','2015-09-19 08:00:00',''),
(302,3,'Random Job 302','Random Description','$20','Dublin','2015-09-19 08:00:00',''),
(303,1,'Random Job 303','Random Description','$20','Galway','2015-09-19 08:00:00',''),
(304,2,'Random Job 304','Random Description','$20','Bundoran','2015-09-19 08:00:00',''),
(305,3,'Random Job 305','Random Description','$20','Athlone','2015-09-19 08:00:00',''),
(306,1,'Random Job 306','Random Description','$20','Wexford','2015-09-19 08:00:00',''),
(307,2,'Random Job 307','Random Description','$20','Dublin','2015-09-19 08:00:00',''),
(308,3,'Random Job 308','Random Description','$20','Galway','2015-09-19 08:00:00',''),
(309,1,'Random Job 309','Random Description','$20','Bundoran','2015-09-19 08:00:00',''),
(310,2,'Random Job 310','Random Description','$20','Athlone','2015-09-19 08:00:00',''),
(311,3,'Random Job 311','Random Description','$20','Wexford','2015-09-19 08:00:00',''),
(312,1,'Random Job 312','Random Description','$20','Dublin','2015-09-19 08:00:00',''),
(313,2,'Random Job 313','Random Description','$20','Galway','2015-09-19 08:00:00',''),
(314,3,'Random Job 314','Random Description','$20','Bundoran','2015-09-19 08:00:00',''),
(315,1,'Random Job 315','Random Description','$20','Athlone','2015-09-19 08:00:00',''),
(316,2,'Random Job 316','Random Description','$20','Wexford','2015-09-19 08:00:00',''),
(317,3,'Random Job 317','Random Description','$20','Dublin','2015-09-19 08:00:00',''),
(318,1,'Random Job 318','Random Description','$20','Galway','2015-09-19 08:00:00',''),
(319,2,'Random Job 319','Random Description','$20','Bundoran','2015-09-19 08:00:00',''),
(320,3,'Random Job 320','Random Description','$20','Athlone','2015-09-19 08:00:00',''),
(321,1,'Random Job 321','Random Description','$20','Wexford','2015-09-19 08:00:00',''),
(322,2,'Random Job 322','Random Description','$20','Dublin','2015-09-19 08:00:00',''),
(323,3,'Random Job 323','Random Description','$20','Galway','2015-09-19 08:00:00',''),
(324,1,'Random Job 324','Random Description','$20','Bundoran','2015-09-19 08:00:00',''),
(325,2,'Random Job 325','Random Description','$20','Athlone','2015-09-19 08:00:00',''),
(326,3,'Random Job 326','Random Description','$20','Wexford','2015-09-19 08:00:00',''),
(327,1,'Random Job 327','Random Description','$20','Dublin','2015-09-19 08:00:00',''),
(328,2,'Random Job 328','Random Description','$20','Galway','2015-09-19 08:00:00',''),
(329,3,'Random Job 329','Random Description','$20','Bundoran','2015-09-19 08:00:00',''),
(330,1,'Random Job 330','Random Description','$20','Athlone','2015-09-19 08:00:00',''),
(331,2,'Random Job 331','Random Description','$20','Wexford','2015-09-19 08:00:00',''),
(332,3,'Random Job 332','Random Description','$20','Dublin','2015-09-19 08:00:00',''),
(333,1,'Random Job 333','Random Description','$20','Galway','2015-09-19 08:00:00',''),
(334,2,'Random Job 334','Random Description','$20','Bundoran','2015-09-19 08:00:00',''),
(335,3,'Random Job 335','Random Description','$20','Athlone','2015-09-19 08:00:00',''),
(336,1,'Random Job 336','Random Description','$20','Wexford','2015-09-19 08:00:00',''),
(337,2,'Random Job 337','Random Description','$20','Dublin','2015-09-19 08:00:00',''),
(338,3,'Random Job 338','Random Description','$20','Galway','2015-09-19 08:00:00',''),
(339,1,'Random Job 339','Random Description','$20','Bundoran','2015-09-19 08:00:00',''),
(340,2,'Random Job 340','Random Description','$20','Athlone','2015-09-19 08:00:00',''),
(341,3,'Random Job 341','Random Description','$20','Wexford','2015-09-19 08:00:00',''),
(342,1,'Random Job 342','Random Description','$20','Dublin','2015-09-19 08:00:00',''),
(343,2,'Random Job 343','Random Description','$20','Galway','2015-09-19 08:00:00',''),
(344,3,'Random Job 344','Random Description','$20','Bundoran','2015-09-19 08:00:00',''),
(345,1,'Random Job 345','Random Description','$20','Athlone','2015-09-19 08:00:00',''),
(346,2,'Random Job 346','Random Description','$20','Wexford','2015-09-19 08:00:00',''),
(347,3,'Random Job 347','Random Description','$20','Dublin','2015-09-19 08:00:00',''),
(348,1,'Random Job 348','Random Description','$20','Galway','2015-09-19 08:00:00',''),
(349,2,'Random Job 349','Random Description','$20','Bundoran','2015-09-19 08:00:00',''),
(350,3,'Random Job 350','Random Description','$20','Athlone','2015-09-19 08:00:00',''),
(351,1,'Random Job 351','Random Description','$20','Wexford','2015-09-19 08:00:00',''),
(352,2,'Random Job 352','Random Description','$20','Dublin','2015-09-19 08:00:00',''),
(353,3,'Random Job 353','Random Description','$20','Galway','2015-09-19 08:00:00',''),
(354,1,'Random Job 354','Random Description','$20','Bundoran','2015-09-19 08:00:00',''),
(355,2,'Random Job 355','Random Description','$20','Athlone','2015-09-19 08:00:00',''),
(356,3,'Random Job 356','Random Description','$20','Wexford','2015-09-19 08:00:00',''),
(357,1,'Random Job 357','Random Description','$20','Dublin','2015-09-19 08:00:00',''),
(358,2,'Random Job 358','Random Description','$20','Galway','2015-09-19 08:00:00',''),
(359,3,'Random Job 359','Random Description','$20','Bundoran','2015-09-19 08:00:00',''),
(360,1,'Random Job 360','Random Description','$20','Athlone','2015-09-19 08:00:00',''),
(361,2,'Random Job 361','Random Description','$20','Wexford','2015-09-19 08:00:00',''),
(362,3,'Random Job 362','Random Description','$20','Dublin','2015-09-19 08:00:00',''),
(363,1,'Random Job 363','Random Description','$20','Galway','2015-09-19 08:00:00',''),
(364,2,'Random Job 364','Random Description','$20','Bundoran','2015-09-19 08:00:00',''),
(365,3,'Random Job 365','Random Description','$20','Athlone','2015-09-19 08:00:00',''),
(366,1,'Random Job 366','Random Description','$20','Wexford','2015-09-19 08:00:00',''),
(367,2,'Random Job 367','Random Description','$20','Dublin','2015-09-19 08:00:00',''),
(368,3,'Random Job 368','Random Description','$20','Galway','2015-09-19 08:00:00',''),
(369,1,'Random Job 369','Random Description','$20','Bundoran','2015-09-19 08:00:00',''),
(370,2,'Random Job 370','Random Description','$20','Athlone','2015-09-19 08:00:00',''),
(371,3,'Random Job 371','Random Description','$20','Wexford','2015-09-19 08:00:00',''),
(372,1,'Random Job 372','Random Description','$20','Dublin','2015-09-19 08:00:00',''),
(373,2,'Random Job 373','Random Description','$20','Galway','2015-09-19 08:00:00',''),
(374,3,'Random Job 374','Random Description','$20','Bundoran','2015-09-19 08:00:00',''),
(375,1,'Random Job 375','Random Description','$20','Athlone','2015-09-19 08:00:00',''),
(376,2,'Random Job 376','Random Description','$20','Wexford','2015-09-19 08:00:00',''),
(377,3,'Random Job 377','Random Description','$20','Dublin','2015-09-19 08:00:00',''),
(378,1,'Random Job 378','Random Description','$20','Galway','2015-09-19 08:00:00',''),
(379,2,'Random Job 379','Random Description','$20','Bundoran','2015-09-19 08:00:00',''),
(380,3,'Random Job 380','Random Description','$20','Athlone','2015-09-19 08:00:00',''),
(381,1,'Random Job 381','Random Description','$20','Wexford','2015-09-19 08:00:00',''),
(382,2,'Random Job 382','Random Description','$20','Dublin','2015-09-19 08:00:00',''),
(383,3,'Random Job 383','Random Description','$20','Galway','2015-09-19 08:00:00',''),
(384,1,'Random Job 384','Random Description','$20','Bundoran','2015-09-19 08:00:00',''),
(385,2,'Random Job 385','Random Description','$20','Athlone','2015-09-19 08:00:00',''),
(386,3,'Random Job 386','Random Description','$20','Wexford','2015-09-19 08:00:00',''),
(387,1,'Random Job 387','Random Description','$20','Dublin','2015-09-19 08:00:00',''),
(388,2,'Random Job 388','Random Description','$20','Galway','2015-09-19 08:00:00',''),
(389,3,'Random Job 389','Random Description','$20','Bundoran','2015-09-19 08:00:00',''),
(390,1,'Random Job 390','Random Description','$20','Athlone','2015-09-19 08:00:00',''),
(391,2,'Random Job 391','Random Description','$20','Wexford','2015-09-19 08:00:00',''),
(392,3,'Random Job 392','Random Description','$20','Dublin','2015-09-19 08:00:00',''),
(393,1,'Random Job 393','Random Description','$20','Galway','2015-09-19 08:00:00',''),
(394,2,'Random Job 394','Random Description','$20','Bundoran','2015-09-19 08:00:00',''),
(395,3,'Random Job 395','Random Description','$20','Athlone','2015-09-19 08:00:00',''),
(396,1,'Random Job 396','Random Description','$20','Wexford','2015-09-19 08:00:00',''),
(397,2,'Random Job 397','Random Description','$20','Dublin','2015-09-19 08:00:00',''),
(398,3,'Random Job 398','Random Description','$20','Galway','2015-09-19 08:00:00',''),
(399,1,'Random Job 399','Random Description','$20','Bundoran','2015-09-19 08:00:00',''),
(400,2,'Random Job 400','Random Description','$20','Athlone','2015-09-19 08:00:00',''),
(401,3,'Random Job 401','Random Description','$20','Wexford','2015-09-19 08:00:00',''),
(402,1,'Random Job 402','Random Description','$20','Dublin','2015-09-19 08:00:00',''),
(403,2,'Random Job 403','Random Description','$20','Galway','2015-09-19 08:00:00',''),
(404,3,'Random Job 404','Random Description','$20','Bundoran','2015-09-19 08:00:00',''),
(405,1,'Random Job 405','Random Description','$20','Athlone','2015-09-19 08:00:00',''),
(406,2,'Random Job 406','Random Description','$20','Wexford','2015-09-19 08:00:00',''),
(407,3,'Random Job 407','Random Description','$20','Dublin','2015-09-19 08:00:00',''),
(408,1,'Random Job 408','Random Description','$20','Galway','2015-09-19 08:00:00',''),
(409,2,'Random Job 409','Random Description','$20','Bundoran','2015-09-19 08:00:00',''),
(410,3,'Random Job 410','Random Description','$20','Athlone','2015-09-19 08:00:00',''),
(411,1,'Random Job 411','Random Description','$20','Wexford','2015-09-19 08:00:00',''),
(412,2,'Random Job 412','Random Description','$20','Dublin','2015-09-19 08:00:00',''),
(413,3,'Random Job 413','Random Description','$20','Galway','2015-09-19 08:00:00',''),
(414,1,'Random Job 414','Random Description','$20','Bundoran','2015-09-19 08:00:00',''),
(415,2,'Random Job 415','Random Description','$20','Athlone','2015-09-19 08:00:00',''),
(416,3,'Random Job 416','Random Description','$20','Wexford','2015-09-19 08:00:00',''),
(417,1,'Random Job 417','Random Description','$20','Dublin','2015-09-19 08:00:00',''),
(418,2,'Random Job 418','Random Description','$20','Galway','2015-09-19 08:00:00',''),
(419,3,'Random Job 419','Random Description','$20','Bundoran','2015-09-19 08:00:00',''),
(420,1,'Random Job 420','Random Description','$20','Athlone','2015-09-19 08:00:00',''),
(421,2,'Random Job 421','Random Description','$20','Wexford','2015-09-19 08:00:00',''),
(422,3,'Random Job 422','Random Description','$20','Dublin','2015-09-19 08:00:00',''),
(423,1,'Random Job 423','Random Description','$20','Galway','2015-09-19 08:00:00',''),
(424,2,'Random Job 424','Random Description','$20','Bundoran','2015-09-19 08:00:00',''),
(425,3,'Random Job 425','Random Description','$20','Athlone','2015-09-19 08:00:00',''),
(426,1,'Random Job 426','Random Description','$20','Wexford','2015-09-19 08:00:00',''),
(427,2,'Random Job 427','Random Description','$20','Dublin','2015-09-19 08:00:00',''),
(428,3,'Random Job 428','Random Description','$20','Galway','2015-09-19 08:00:00',''),
(429,1,'Random Job 429','Random Description','$20','Bundoran','2015-09-19 08:00:00',''),
(430,2,'Random Job 430','Random Description','$20','Athlone','2015-09-19 08:00:00',''),
(431,3,'Random Job 431','Random Description','$20','Wexford','2015-09-19 08:00:00',''),
(432,1,'Random Job 432','Random Description','$20','Dublin','2015-09-19 08:00:00',''),
(433,2,'Random Job 433','Random Description','$20','Galway','2015-09-19 08:00:00',''),
(434,3,'Random Job 434','Random Description','$20','Bundoran','2015-09-19 08:00:00',''),
(435,1,'Random Job 435','Random Description','$20','Athlone','2015-09-19 08:00:00',''),
(436,2,'Random Job 436','Random Description','$20','Wexford','2015-09-19 08:00:00',''),
(437,3,'Random Job 437','Random Description','$20','Dublin','2015-09-19 08:00:00',''),
(438,1,'Random Job 438','Random Description','$20','Galway','2015-09-19 08:00:00',''),
(439,2,'Random Job 439','Random Description','$20','Bundoran','2015-09-19 08:00:00',''),
(440,3,'Random Job 440','Random Description','$20','Athlone','2015-09-19 08:00:00',''),
(441,1,'Random Job 441','Random Description','$20','Wexford','2015-09-19 08:00:00',''),
(442,2,'Random Job 442','Random Description','$20','Dublin','2015-09-19 08:00:00',''),
(443,3,'Random Job 443','Random Description','$20','Galway','2015-09-19 08:00:00',''),
(444,1,'Random Job 444','Random Description','$20','Bundoran','2015-09-19 08:00:00',''),
(445,2,'Random Job 445','Random Description','$20','Athlone','2015-09-19 08:00:00',''),
(446,3,'Random Job 446','Random Description','$20','Wexford','2015-09-19 08:00:00',''),
(447,1,'Random Job 447','Random Description','$20','Dublin','2015-09-19 08:00:00',''),
(448,2,'Random Job 448','Random Description','$20','Galway','2015-09-19 08:00:00',''),
(449,3,'Random Job 449','Random Description','$20','Bundoran','2015-09-19 08:00:00',''),
(450,1,'Random Job 450','Random Description','$20','Athlone','2015-09-19 08:00:00',''),
(451,2,'Random Job 451','Random Description','$20','Wexford','2015-09-19 08:00:00',''),
(452,3,'Random Job 452','Random Description','$20','Dublin','2015-09-19 08:00:00',''),
(453,1,'Random Job 453','Random Description','$20','Galway','2015-09-19 08:00:00',''),
(454,2,'Random Job 454','Random Description','$20','Bundoran','2015-09-19 08:00:00',''),
(455,3,'Random Job 455','Random Description','$20','Athlone','2015-09-19 08:00:00',''),
(456,1,'Random Job 456','Random Description','$20','Wexford','2015-09-19 08:00:00',''),
(457,2,'Random Job 457','Random Description','$20','Dublin','2015-09-19 08:00:00',''),
(458,3,'Random Job 458','Random Description','$20','Galway','2015-09-19 08:00:00',''),
(459,1,'Random Job 459','Random Description','$20','Bundoran','2015-09-19 08:00:00',''),
(460,2,'Random Job 460','Random Description','$20','Athlone','2015-09-19 08:00:00',''),
(461,3,'Random Job 461','Random Description','$20','Wexford','2015-09-19 08:00:00',''),
(462,1,'Random Job 462','Random Description','$20','Dublin','2015-09-19 08:00:00',''),
(463,2,'Random Job 463','Random Description','$20','Galway','2015-09-19 08:00:00',''),
(464,3,'Random Job 464','Random Description','$20','Bundoran','2015-09-19 08:00:00',''),
(465,1,'Random Job 465','Random Description','$20','Athlone','2015-09-19 08:00:00',''),
(466,2,'Random Job 466','Random Description','$20','Wexford','2015-09-19 08:00:00',''),
(467,3,'Random Job 467','Random Description','$20','Dublin','2015-09-19 08:00:00',''),
(468,1,'Random Job 468','Random Description','$20','Galway','2015-09-19 08:00:00',''),
(469,2,'Random Job 469','Random Description','$20','Bundoran','2015-09-19 08:00:00',''),
(470,3,'Random Job 470','Random Description','$20','Athlone','2015-09-19 08:00:00',''),
(471,1,'Random Job 471','Random Description','$20','Wexford','2015-09-19 08:00:00',''),
(472,2,'Random Job 472','Random Description','$20','Dublin','2015-09-19 08:00:00',''),
(473,3,'Random Job 473','Random Description','$20','Galway','2015-09-19 08:00:00',''),
(474,1,'Random Job 474','Random Description','$20','Bundoran','2015-09-19 08:00:00',''),
(475,2,'Random Job 475','Random Description','$20','Athlone','2015-09-19 08:00:00',''),
(476,3,'Random Job 476','Random Description','$20','Wexford','2015-09-19 08:00:00',''),
(477,1,'Random Job 477','Random Description','$20','Dublin','2015-09-19 08:00:00',''),
(478,2,'Random Job 478','Random Description','$20','Galway','2015-09-19 08:00:00',''),
(479,3,'Random Job 479','Random Description','$20','Bundoran','2015-09-19 08:00:00',''),
(480,1,'Random Job 480','Random Description','$20','Athlone','2015-09-19 08:00:00',''),
(481,2,'Random Job 481','Random Description','$20','Wexford','2015-09-19 08:00:00',''),
(482,3,'Random Job 482','Random Description','$20','Dublin','2015-09-19 08:00:00',''),
(483,1,'Random Job 483','Random Description','$20','Galway','2015-09-19 08:00:00',''),
(484,2,'Random Job 484','Random Description','$20','Bundoran','2015-09-19 08:00:00',''),
(485,3,'Random Job 485','Random Description','$20','Athlone','2015-09-19 08:00:00',''),
(486,1,'Random Job 486','Random Description','$20','Wexford','2015-09-19 08:00:00',''),
(487,2,'Random Job 487','Random Description','$20','Dublin','2015-09-19 08:00:00',''),
(488,3,'Random Job 488','Random Description','$20','Galway','2015-09-19 08:00:00',''),
(489,1,'Random Job 489','Random Description','$20','Bundoran','2015-09-19 08:00:00',''),
(490,2,'Random Job 490','Random Description','$20','Athlone','2015-09-19 08:00:00',''),
(491,3,'Random Job 491','Random Description','$20','Wexford','2015-09-19 08:00:00',''),
(492,1,'Random Job 492','Random Description','$20','Dublin','2015-09-19 08:00:00',''),
(493,2,'Random Job 493','Random Description','$20','Galway','2015-09-19 08:00:00',''),
(494,3,'Random Job 494','Random Description','$20','Bundoran','2015-09-19 08:00:00',''),
(495,1,'Random Job 495','Random Description','$20','Athlone','2015-09-19 08:00:00',''),
(496,2,'Random Job 496','Random Description','$20','Wexford','2015-09-19 08:00:00',''),
(497,3,'Random Job 497','Random Description','$20','Dublin','2015-09-19 08:00:00',''),
(498,1,'Random Job 498','Random Description','$20','Galway','2015-09-19 08:00:00',''),
(499,2,'Random Job 499','Random Description','$20','Bundoran','2015-09-19 08:00:00','');
LOCK TABLES applicant WRITE;
INSERT INTO applicant VALUES 
(1,1,2,1,'pending'),
(2,2,1,4,'pending'),
(3,3,1,7,'pending'),
(4,1,3,1,'pending');
UNLOCK TABLES;
